subject,G&S_cingul-Ant,G&S_cingul-Mid-Ant,G&S_cingul-Mid-Post,G&S_frontomargin,G&S_occipital_inf,G&S_paracentral,G&S_subcentral,G&S_transv_frontopol,G_Ins_lg&S_cent_ins,G_cingul-Post-dorsal,G_cingul-Post-ventral,G_cuneus,G_front_inf-Opercular,G_front_inf-Orbital,G_front_inf-Triangul,G_front_middle,G_front_sup,G_insular_short,G_oc-temp_lat-fusifor,G_oc-temp_med-Lingual,G_oc-temp_med-Parahip,G_occipital_middle,G_occipital_sup,G_orbital,G_pariet_inf-Angular,G_pariet_inf-Supramar,G_parietal_sup,G_postcentral,G_precentral,G_precuneus,G_rectus,G_subcallosal,G_temp_sup-G_T_transv,G_temp_sup-Lateral,G_temp_sup-Plan_polar,G_temp_sup-Plan_tempo,G_temporal_inf,G_temporal_middle,Lat_Fis-ant-Horizont,Lat_Fis-ant-Vertical,Lat_Fis-post,Pole_occipital,Pole_temporal,S_calcarine,S_central,S_cingul-Marginalis,S_circular_insula_ant,S_circular_insula_inf,S_circular_insula_sup,S_collat_transv_ant,S_collat_transv_post,S_front_inf,S_front_middle,S_front_sup,S_interm_prim-Jensen,S_intrapariet&P_trans,S_oc-temp_lat,S_oc-temp_med&Lingual,S_oc_middle&Lunatus,S_oc_sup&transversal,S_occipital_ant,S_orbital-H_Shaped,S_orbital_lateral,S_orbital_med-olfact,S_parieto_occipital,S_pericallosal,S_postcentral,S_precentral-inf-part,S_precentral-sup-part,S_suborbital,S_subparietal,S_temporal_inf,S_temporal_sup,S_temporal_transverse,als,group
c9o_02,2.432,2.311,2.315,1.99,2.087,2.1,2.442,2.394,3.046,2.668,2.677,1.814,2.505,2.546,2.323,2.198,2.457,3.44,2.577,1.872,2.935,2.189,1.975,2.531,2.123,2.44,1.968,1.986,2.43,2.268,2.384,2.765,2.767,2.596,3.039,2.205,2.565,2.68,2.227,2.127,2.169,2.018,3.05,1.781,1.776,2.057,2.487,2.578,2.26,2.306,1.589,2.019,2.014,2.082,1.993,1.712,2.201,2.241,1.578,1.817,2.012,2.37,1.787,2.25,1.992,1.934,1.908,2.12,2.121,2.255,2.117,2.133,2.141,2.217,1,2
c9o_03,2.764,2.484,2.478,2.444,2.206,2.207,2.375,2.984,3.356,2.974,2.98,1.708,2.627,2.58,2.638,2.456,2.739,3.473,2.997,2.038,3.229,2.462,1.949,2.928,2.446,2.499,2.043,1.915,2.6,2.34,2.338,2.472,2.109,2.78,3.213,2.239,2.809,2.821,2.009,2.137,2.033,2.002,3.17,2.046,1.903,2.073,2.728,2.472,2.358,2.234,2.026,2.205,2.26,2.181,2.117,1.995,2.556,2.248,1.773,2.103,2.202,2.433,1.819,2.875,2.004,2.417,2.069,2.189,2.248,2.928,2.237,2.487,2.398,2.021,1,2
c9o_04,2.595,2.279,2.381,2.216,2.244,2.237,2.551,2.294,3.336,2.93,3.188,1.741,2.767,2.985,2.652,2.352,2.613,3.602,2.871,1.961,3.268,2.286,1.864,2.761,2.1,2.489,2.037,2.013,2.647,2.308,2.784,2.375,2.756,3.053,3.868,2.444,2.716,2.773,2.892,2.258,2.287,1.924,3.568,1.843,1.967,2.007,3.235,3.004,2.53,2.519,1.847,2.092,1.85,2.254,1.89,1.762,2.335,2.408,1.642,1.889,1.876,2.449,1.861,2.613,2.054,3.085,1.684,2.381,2.088,2.399,2.07,2.401,2.248,2.473,1,2
c9o_05,2.45,2.283,2.394,2.039,2.253,2.336,2.426,2.506,2.96,2.946,2.872,1.694,2.53,2.816,2.306,2.286,2.433,3.184,3.01,1.944,3.16,2.261,2.017,2.583,2.209,2.3,2.107,2.021,2.545,2.393,2.266,1.952,1.997,2.957,2.584,2.426,2.975,2.585,2.762,2.176,2.153,1.941,3.264,1.757,1.85,1.895,2.511,2.323,2.384,2.638,1.956,2.046,2.018,2.061,1.688,1.985,2.529,2.294,1.73,1.938,2.128,2.64,2.027,2.24,1.933,1.799,1.878,2.05,2.076,2.175,2.227,2.585,2.213,2.045,1,2
c9o_06,2.485,2.364,2.344,2.259,2.153,1.833,2.376,2.282,3.017,2.824,2.559,1.777,2.572,2.509,2.269,2.318,2.554,3.234,2.769,1.942,3.153,2.422,1.878,2.495,2.336,2.38,2.032,1.809,2.266,2.275,2.257,2.445,2.632,2.976,3.702,2.326,2.669,2.69,1.759,2.233,2.368,1.938,3.396,1.742,1.667,2.176,2.811,2.492,2.44,2.423,2.315,2.156,2.067,2.209,2.692,1.937,2.246,2.271,2.04,1.913,2.119,2.492,2.191,2.142,2.08,2.093,1.841,2.318,2.069,2.029,2.334,2.314,2.273,2.415,1,2
c9o_07,2.593,2.313,2.104,2.268,2.045,2.118,2.16,2.433,2.927,2.557,2.642,1.594,2.554,2.178,2.269,2.28,2.455,3.46,2.711,2.005,3.115,2.284,1.65,2.271,2.335,2.293,1.943,1.867,2.347,2.02,2.425,2.262,1.851,2.87,3.227,2.152,2.752,2.518,1.515,2.242,2.21,1.767,2.996,1.624,1.776,2.019,2.547,2.495,2.402,2.279,1.872,1.811,2.57,2.116,1.963,1.852,2.284,2.213,1.684,1.634,2.088,2.697,1.736,2.071,1.966,1.823,1.685,2.106,1.877,2.308,1.948,2.278,2.206,2.374,1,2
c9o_08,2.487,2.15,2.303,2.108,1.868,2.059,2.251,2.431,2.782,2.67,2.454,1.665,2.283,2.507,2.192,2.043,2.351,3.288,2.567,1.737,2.984,2.105,1.758,2.331,2.162,2.306,1.9,1.845,2.59,2.118,2.424,2.197,2.254,2.862,3.705,2.114,2.397,2.537,2.154,2.257,2.007,1.672,3.17,1.626,1.63,1.954,2.74,2.53,2.303,2.157,1.655,1.894,1.666,1.905,2.015,1.835,2.035,2.084,1.777,1.711,1.894,2.3,2.194,2.344,1.981,1.792,1.77,2.047,1.939,2.345,2.039,2.108,2.194,1.764,1,2
c9o_09,2.605,2.31,2.227,2.355,2.449,2.11,2.533,2.456,2.907,2.76,2.487,1.811,2.441,2.683,2.358,2.208,2.355,3.157,2.661,1.901,3.263,2.311,2.025,2.486,2.397,2.351,2.124,1.918,2.407,2.279,2.331,1.998,2.746,2.918,3.161,2.564,2.67,2.821,2.229,2.204,2.266,1.815,3.221,1.711,1.675,1.991,2.833,2.568,2.486,2.503,2.066,2.013,1.937,2.017,2.004,1.847,2.393,2.47,1.599,1.839,2.236,2.382,1.881,2.442,1.99,2.22,1.888,2.029,1.906,2.247,2.023,2.282,2.403,2.56,1,2
c9o_10,2.626,2.613,2.362,2.145,1.963,2.03,2.447,2.417,2.742,2.801,2.878,1.79,2.409,2.628,2.26,2.274,2.706,3.351,2.619,1.749,3.194,2.226,2.034,2.898,2.285,2.407,2.131,2.019,2.601,2.114,2.407,3.026,2.605,2.573,3.067,2.151,2.634,2.63,2.165,1.943,2.187,1.773,3.206,1.852,1.79,1.98,2.548,2.467,2.235,2.325,1.755,1.936,1.832,2.124,1.88,1.856,2.253,2.173,1.916,1.788,2.159,2.541,1.988,2.609,2.046,2.171,1.848,2.041,2.176,2.573,2.277,2.29,2.182,2.585,1,2
c9o_11,2.399,2.303,2.353,1.895,2.217,2.259,2.141,2.206,2.866,2.658,2.752,1.681,2.46,2.64,2.4,2.144,2.409,3.184,2.725,1.925,3.381,2.133,2.043,2.265,2.481,2.563,2.255,2.022,2.302,2.324,2.324,2.146,2.367,2.736,3.031,2.284,2.738,2.751,2.13,2.198,2.096,1.872,3.145,1.731,1.777,2.15,2.285,2.582,2.103,2.48,2.107,1.959,1.833,2.106,2.03,2.097,2.13,2.26,1.938,1.822,1.918,2.321,1.82,2.031,2.032,2.097,2.111,2.127,2.232,2.103,2.255,2.239,2.142,2.224,1,2
c9o_12,2.399,2.398,2.384,2.1,1.955,2.341,2.466,2.39,3.271,2.917,2.895,1.597,2.684,2.718,2.343,2.466,2.724,3.629,2.581,1.83,3.486,2.208,1.785,2.51,2.517,2.557,2.112,1.995,2.592,2.343,2.29,2.424,2.266,2.959,3.401,2.52,2.709,2.786,2.342,2.316,2.335,1.709,3.003,1.835,1.758,2.208,2.869,2.891,2.384,2.801,1.69,2.091,2.108,2.307,2.492,2.058,2.147,2.485,1.833,1.878,1.866,2.446,2.129,2.119,2.197,2.266,1.992,2.364,2.329,1.948,2.442,2.284,2.338,2.409,1,2
c9o_13,2.387,2.307,2.417,2.09,2.438,1.954,2.355,2.091,3.027,2.612,2.824,1.796,2.377,2.48,2.16,2.137,2.608,3.143,2.833,1.776,3.165,2.329,2.097,2.42,2.338,2.409,1.977,1.969,2.36,2.413,2.2,2.146,2.259,2.805,2.72,2.272,2.723,2.647,1.792,2.04,2.101,1.802,3.171,1.62,1.633,2.374,2.582,2.46,2.189,2.267,1.828,1.831,1.931,2.149,1.979,1.833,2.481,2.265,1.731,1.916,2.147,2.354,1.76,2.149,2.132,2.275,1.911,2.08,2.077,2.461,2.393,2.225,2.232,2.099,1,2
c9o_14,2.177,2.051,2.083,1.631,2.104,1.984,2.079,1.702,2.817,2.472,2.012,1.709,2.002,2.182,1.916,1.748,1.992,2.985,2.34,1.754,2.887,2.067,1.805,2.027,1.976,2.038,1.793,1.829,2.069,1.84,2.066,1.496,2.006,2.343,2.552,2.023,2.206,2.246,1.533,1.656,1.841,1.833,2.564,1.505,1.648,1.408,2.01,2.515,2.009,1.948,1.524,1.427,1.479,1.541,1.723,1.769,2.069,2.009,1.581,1.585,1.769,1.848,1.645,1.896,1.89,1.821,1.596,1.716,1.604,1.805,1.92,1.837,1.859,1.835,1,2
c9o_15,2.461,2.382,2.375,2.279,2.354,2.194,2.541,2.427,3.072,2.793,2.574,1.738,2.589,2.548,2.516,2.328,2.526,3.206,3.011,1.965,3.417,2.615,1.76,2.518,2.471,2.472,2.066,2.005,2.473,2.326,2.508,1.954,2.483,2.766,3.645,2.551,2.713,2.626,2.055,2.349,2.315,1.977,3.213,1.579,1.763,1.968,2.817,2.617,2.466,2.537,2.034,2.075,1.991,2.133,2.41,1.994,2.486,2.381,2.02,2.071,2.307,2.517,2.118,2.284,1.964,2.078,1.962,2.159,2.12,1.98,2.105,2.244,2.306,2.142,1,2
ctl_01,2.556,2.335,2.214,2.132,2.282,2.098,2.306,2.274,2.681,2.789,2.796,1.568,2.626,2.27,2.347,2.224,2.452,3.347,2.703,1.949,3.127,2.223,1.778,2.317,2.129,2.16,1.939,1.862,2.481,2.312,2.131,2.188,1.996,2.627,3.16,2.113,2.676,2.716,2.373,3.135,2.005,1.792,3.098,1.846,1.75,1.858,2.679,2.698,2.288,2.496,2.208,2.014,1.92,2.12,2.012,1.783,2.286,2.291,1.769,1.784,2.053,2.506,1.804,2.266,1.893,2.055,1.771,2.192,2.133,2.307,2.287,2.264,2.108,2.445,0,0
ctl_02,2.598,2.475,2.577,2.315,2.343,2.246,2.695,2.452,2.974,2.923,2.547,1.703,2.652,2.583,2.613,2.283,2.524,3.713,3.081,2.051,3.313,2.353,1.909,2.432,2.381,2.463,2.023,1.808,2.489,2.368,2.596,2.447,2.441,2.937,3.438,2.54,2.736,2.723,2.054,2.561,2.366,1.829,3.192,1.832,1.784,2.14,2.681,2.563,2.63,2.671,1.938,2.184,2.105,2.234,2.016,1.863,2.434,2.398,1.882,1.871,2.338,2.454,2.082,2.254,2.183,2.095,1.898,2.239,2.036,2.308,2.314,2.256,2.33,2.507,0,0
ctl_03,2.697,2.551,2.513,2.13,2.314,2.207,2.879,2.272,3.22,3.106,2.833,1.783,2.847,2.958,2.498,2.43,2.789,3.262,2.991,1.999,3.276,2.526,2.148,2.886,2.552,2.638,2.128,2.165,2.798,2.406,2.612,3.25,2.693,3.45,3.72,2.581,3.022,3.091,2.458,2.491,2.378,1.965,3.535,1.914,1.862,2.159,3.029,2.93,2.684,2.61,2.107,2.132,1.929,2.266,2.155,1.935,2.791,2.833,1.774,1.897,2.157,2.856,2.023,2.466,2.132,1.826,2.039,2.445,2.243,2.807,2.277,2.654,2.494,3.043,0,0
ctl_04,2.436,2.146,2.239,2.238,2.487,2.074,2.371,2.217,3.213,2.73,2.832,1.63,2.562,2.402,2.281,2.32,2.383,3.582,2.798,1.97,2.764,2.308,1.879,2.431,2.167,2.365,1.816,1.806,2.399,2.203,2.457,2.647,2.455,2.762,3.384,2.41,2.47,2.62,1.888,2.297,2.36,1.754,3.211,1.852,1.823,1.983,2.694,2.767,2.421,2.409,1.799,1.972,1.961,2.086,1.865,1.795,2.425,2.035,2.018,1.874,2.127,2.658,1.953,2.465,1.846,1.793,1.803,2.181,2.075,2.288,2.009,2.334,2.188,2.078,0,0
ctl_05,2.589,2.447,2.563,2.047,2.3,2.311,2.399,2.398,3.202,2.954,2.578,1.7,2.502,2.661,2.22,2.298,2.61,3.249,2.812,2.069,3.049,2.408,2.048,2.444,2.502,2.429,2.03,2.09,2.589,2.348,2.381,2.209,2.466,2.841,3.273,2.711,2.775,2.851,2.406,2.13,2.545,1.801,3.246,1.668,1.777,2.206,2.35,2.779,2.491,2.644,2.168,1.985,2.057,2.204,1.933,1.954,2.449,2.501,1.933,2.002,2.17,2.515,1.902,2.325,2.092,2.038,2.063,2.351,2.217,2.332,2.267,2.291,2.402,3.167,0,0
ctl_06,2.905,2.767,2.672,2.241,2.231,1.957,2.479,2.572,3.056,3.08,3.008,1.811,2.741,2.91,2.597,2.354,2.79,3.581,2.925,2.043,2.93,2.256,1.835,2.82,2.306,2.505,2.046,1.966,2.828,2.289,2.791,2.477,2.505,3.154,3.178,2.296,2.889,3.017,2.232,2.0,2.266,1.649,3.507,1.858,1.858,1.764,2.972,2.733,2.46,2.645,1.673,1.996,1.839,2.223,2.53,1.916,2.387,2.49,1.607,1.96,1.891,2.704,1.956,2.461,2.005,1.929,1.905,2.408,2.324,2.73,2.295,2.373,2.377,2.342,0,0
ctl_07,2.702,2.488,2.644,2.279,2.329,2.31,2.496,2.649,3.317,3.096,3.067,1.761,2.656,2.566,2.582,2.583,2.773,3.773,2.566,2.072,3.125,2.266,1.848,2.685,2.458,2.491,2.125,1.851,2.763,2.396,2.434,1.998,2.065,2.731,3.451,2.847,2.916,2.752,2.067,2.382,2.387,1.728,3.4,1.72,1.764,2.108,2.697,2.772,2.697,2.614,2.063,2.23,2.134,2.419,2.069,2.057,2.392,2.299,1.581,1.987,2.158,2.774,2.109,2.291,2.095,1.568,1.925,2.346,2.295,2.324,2.323,2.254,2.303,1.76,0,0
ctl_08,2.545,2.548,2.309,1.997,2.358,2.279,2.432,2.083,3.066,3.055,2.926,1.808,2.59,2.436,2.574,2.204,2.368,3.529,2.93,2.135,3.413,2.514,1.917,2.574,2.509,2.516,1.965,1.964,2.448,2.51,2.548,2.962,2.146,2.775,3.289,2.236,2.923,2.849,2.025,1.816,2.355,1.892,3.438,1.764,1.876,1.902,2.701,2.486,2.398,3.02,1.908,2.086,1.987,2.099,2.756,1.922,2.338,2.523,1.88,1.905,2.153,2.781,2.011,2.467,1.975,2.083,1.939,2.229,2.096,2.402,2.207,2.563,2.378,1.968,0,0
ctl_09,2.681,2.523,2.55,2.047,2.099,2.189,2.292,2.379,2.924,2.942,2.754,1.669,2.757,2.954,2.313,2.446,2.786,3.33,2.838,2.024,3.321,2.237,2.007,2.579,2.332,2.353,2.062,1.963,2.952,2.325,2.335,2.317,2.04,3.031,3.176,2.53,2.802,2.831,2.462,2.238,2.26,1.923,3.276,1.753,1.862,2.104,3.025,2.619,2.495,2.53,1.893,2.018,2.006,2.266,2.314,1.889,2.323,2.438,1.866,1.916,2.065,2.764,1.988,2.291,2.139,1.992,1.81,2.379,2.577,2.236,2.445,2.527,2.405,2.091,0,0
ctl_10,2.637,2.457,2.435,2.053,2.198,2.192,2.52,2.463,2.877,2.745,2.607,1.718,2.337,2.413,2.354,2.272,2.533,3.152,2.862,1.987,3.576,2.335,2.225,2.399,2.323,2.398,2.035,1.786,2.542,2.21,2.189,2.869,2.418,2.863,3.268,2.432,2.747,2.74,2.187,2.207,2.276,1.816,3.226,1.797,1.768,1.947,2.594,2.574,2.149,2.508,2.123,1.931,1.86,2.02,1.904,1.82,2.346,2.468,1.905,1.885,2.166,2.544,1.911,2.085,2.044,2.309,1.775,2.081,2.137,2.159,2.24,2.29,2.331,2.263,0,0
ctl_11,2.612,2.408,2.583,2.024,2.24,1.99,2.477,2.307,3.029,2.926,3.094,1.714,2.51,2.73,2.367,2.377,2.677,3.582,2.928,1.904,2.942,2.445,1.849,2.395,2.399,2.412,1.971,1.829,2.729,2.352,2.272,2.252,2.105,2.666,3.333,2.386,2.798,2.976,2.002,2.374,2.169,1.777,3.205,1.738,1.789,2.176,2.697,2.59,2.634,2.801,1.947,2.145,1.981,2.266,2.09,1.897,2.494,2.193,1.953,1.899,2.144,2.682,2.022,2.193,2.147,1.967,2.085,2.243,2.314,2.388,2.215,2.411,2.322,2.12,0,0
ctl_12,2.582,2.53,2.65,2.16,2.175,2.168,2.31,2.143,3.011,2.888,2.657,1.776,2.549,2.478,2.173,2.299,2.441,3.417,2.559,2.086,3.228,2.144,1.8,2.451,2.34,2.407,2.013,1.779,2.574,2.342,2.272,3.427,2.383,2.921,3.364,2.768,2.674,2.618,2.076,2.093,2.392,1.669,3.098,1.685,1.784,2.194,2.789,2.506,2.53,2.392,1.9,2.223,2.041,2.218,1.837,2.048,2.321,2.356,1.843,1.892,2.065,2.453,2.082,2.247,2.003,2.166,1.795,2.181,2.226,2.43,2.248,2.112,2.341,2.608,0,0
ctl_13,2.57,2.45,2.589,2.125,2.276,2.716,2.456,2.406,2.941,3.112,3.01,1.816,2.558,2.736,2.531,2.544,2.801,3.423,3.018,2.029,3.053,2.503,2.156,2.526,2.379,2.425,2.265,2.372,2.857,2.405,2.632,2.354,2.737,2.935,3.334,2.695,2.865,2.854,1.927,2.073,2.38,1.843,3.256,1.734,1.779,2.137,2.691,2.567,2.374,2.581,2.108,2.111,2.024,2.314,1.733,1.926,2.649,2.369,1.853,1.87,2.093,2.394,1.913,2.343,2.003,2.155,2.202,2.363,2.532,2.295,2.023,2.527,2.266,2.382,0,0
ctl_14,2.677,2.49,2.467,2.481,2.306,2.259,2.599,2.51,3.04,2.84,2.432,1.705,2.546,2.628,2.43,2.446,2.614,3.466,2.857,2.006,3.14,2.16,1.953,2.702,2.385,2.436,2.098,1.94,2.676,2.317,2.413,2.334,2.058,2.758,3.373,2.502,2.944,2.742,2.21,2.275,2.304,1.905,3.233,1.812,1.661,2.172,2.685,2.695,2.442,3.069,1.885,2.076,1.979,2.329,3.028,1.898,2.369,2.245,1.818,1.798,1.973,2.705,2.528,2.254,2.061,1.816,1.988,2.419,2.25,2.72,2.248,2.437,2.288,2.36,0,0
ctl_15,2.718,2.426,2.611,2.077,2.119,2.349,2.637,2.667,3.318,2.849,2.993,1.995,2.785,2.73,2.583,2.447,2.75,3.651,2.65,2.31,2.731,2.499,2.23,2.748,2.631,2.865,2.237,2.319,2.834,2.58,2.32,2.903,2.434,2.891,3.371,2.659,2.835,3.067,2.155,2.528,2.439,2.055,3.276,1.955,1.906,2.211,2.988,2.634,2.688,2.786,1.801,2.063,2.022,2.271,2.478,2.183,2.382,2.374,1.789,2.068,2.218,2.77,1.995,2.405,2.26,2.119,2.207,2.362,2.19,2.327,2.458,2.593,2.53,2.294,0,0
ctl_16,2.812,2.596,2.596,2.246,2.079,2.081,2.456,2.417,3.202,2.786,3.416,1.805,2.558,2.616,2.627,2.551,2.768,3.411,2.889,1.958,3.292,2.47,1.947,2.679,2.389,2.558,2.114,1.797,2.632,2.436,2.413,1.972,2.589,3.031,3.552,2.411,2.758,2.99,2.241,2.61,2.439,1.825,3.601,1.848,1.837,2.498,2.65,2.729,2.7,2.609,1.791,2.237,2.045,2.41,2.089,2.037,2.56,2.623,1.927,1.942,2.114,2.706,2.176,2.316,2.104,1.591,1.993,2.448,2.508,2.453,2.534,2.513,2.365,2.633,0,0
ctl_17,2.508,2.248,2.531,2.243,2.475,2.277,2.618,2.368,3.114,2.871,2.708,1.604,2.697,2.838,2.291,2.451,2.62,3.773,2.971,1.777,3.081,2.38,2.033,2.635,2.466,2.786,2.181,2.047,2.914,2.467,2.44,2.557,2.64,2.895,3.438,2.415,3.127,2.972,2.083,2.123,2.575,1.789,3.383,1.681,1.939,2.264,2.775,2.692,2.626,2.825,2.146,2.207,2.121,2.165,2.68,2.115,2.686,2.179,1.996,1.924,2.165,2.817,1.972,2.455,2.142,2.116,1.977,2.369,2.246,2.458,2.303,2.521,2.489,2.553,0,0
ctl_18,2.536,2.241,2.292,2.357,2.134,2.369,2.203,2.395,3.13,3.008,2.964,1.58,2.504,2.684,2.464,2.239,2.471,3.529,2.76,1.894,3.413,2.295,1.933,2.575,2.232,2.459,2.129,2.182,2.406,2.252,2.262,2.49,1.988,3.002,3.304,2.276,2.862,2.811,2.372,2.111,2.069,2.115,3.029,1.761,1.71,2.163,2.899,2.645,2.515,2.392,1.886,1.986,2.056,2.067,1.948,2.055,2.626,2.308,1.805,2.067,2.251,2.823,2.078,2.111,2.169,1.749,1.989,2.134,2.158,2.497,2.41,2.42,2.387,2.04,0,0
ctl_19,2.611,2.51,2.457,2.166,2.355,2.124,2.551,2.374,3.01,2.738,2.85,1.767,2.519,2.754,2.463,2.28,2.461,3.501,2.828,2.055,3.58,2.416,2.142,2.71,2.566,2.565,2.097,2.112,2.505,2.428,2.247,3.122,2.542,2.941,3.259,2.514,2.724,2.78,2.274,2.377,2.481,1.825,3.316,1.902,1.811,2.059,2.679,2.918,2.575,2.503,2.16,2.095,1.976,2.266,3.403,2.111,2.423,2.503,1.81,2.116,2.259,2.599,2.435,2.347,2.089,2.113,2.147,2.328,2.074,2.355,2.466,2.467,2.448,2.171,0,0
ctl_20,2.837,2.732,2.994,2.073,2.518,2.585,2.659,2.8,3.641,3.403,2.737,1.908,3.028,2.933,2.809,2.671,3.022,3.869,3.042,2.251,3.684,2.778,2.308,2.778,2.762,2.818,2.532,2.311,3.053,2.793,2.583,2.441,2.43,3.473,4.067,2.725,3.052,3.14,2.191,2.463,2.416,2.227,3.662,2.164,2.1,2.528,2.997,3.064,2.824,2.632,2.065,2.294,2.136,2.407,2.322,2.085,2.656,2.779,2.098,2.122,2.287,2.9,2.164,2.616,2.303,2.55,2.286,2.46,2.578,2.503,2.591,2.598,2.599,2.604,0,0
ctl_21,3.001,2.649,2.812,2.406,2.309,2.286,2.898,2.978,3.362,3.188,2.985,1.842,2.801,3.116,2.622,2.486,2.954,3.959,2.914,2.001,3.526,2.276,2.085,2.938,2.547,2.711,2.215,1.845,2.855,2.493,2.825,3.634,2.653,3.328,3.74,2.504,3.046,3.027,2.324,2.282,2.527,1.89,3.585,2.006,1.981,2.261,3.545,2.854,2.743,2.929,1.843,2.059,2.038,2.261,2.216,1.995,2.658,2.691,1.848,1.92,2.099,2.887,2.466,2.559,2.049,3.157,1.916,2.396,2.324,2.603,2.349,2.477,2.567,2.531,0,0
sals_01,2.406,2.502,2.439,2.25,2.489,2.151,2.489,2.293,2.882,2.729,2.529,1.863,2.825,2.592,2.434,2.325,2.562,3.595,2.703,2.166,2.927,2.287,2.034,2.737,2.577,2.476,2.026,1.9,2.726,2.353,2.474,2.392,2.027,3.083,2.616,2.581,2.876,3.027,2.241,2.295,2.486,1.946,2.958,1.881,1.82,2.119,2.945,2.505,2.588,2.483,1.996,2.199,1.822,2.052,2.118,2.057,2.356,2.412,1.979,2.039,2.251,2.651,2.065,2.444,2.102,1.794,1.934,2.266,1.994,2.274,2.371,2.664,2.446,2.056,1,1
sals_02,2.404,2.464,2.234,2.064,2.145,2.268,2.532,2.455,3.143,2.721,2.898,1.631,2.435,2.659,2.371,2.269,2.641,2.987,2.748,1.851,2.844,2.165,1.931,2.438,2.34,2.429,2.0,2.071,2.522,2.367,2.253,2.213,2.134,2.613,2.78,2.16,2.769,2.61,2.304,2.229,2.186,1.71,3.334,1.711,1.863,2.243,2.715,2.356,2.203,2.887,1.932,2.054,1.87,2.221,2.043,1.868,2.492,2.255,1.723,1.765,2.269,2.479,2.075,2.273,1.95,2.191,1.785,2.299,2.178,2.038,2.759,2.318,2.218,2.394,1,1
sals_03,2.526,2.336,2.481,2.207,2.235,2.221,2.595,2.464,3.282,3.042,2.715,1.964,2.862,2.918,2.598,2.305,2.633,3.427,2.952,2.186,3.337,2.335,2.098,2.876,2.455,2.611,2.139,1.982,2.722,2.449,2.586,2.616,2.467,3.11,3.444,2.63,2.987,2.837,2.165,2.424,2.48,1.98,3.299,2.001,1.955,2.135,3.061,2.693,2.641,2.605,2.185,2.096,2.075,2.241,2.461,2.077,2.292,2.534,1.946,2.072,2.086,2.65,2.259,2.53,2.23,2.098,1.94,2.222,2.295,2.329,2.333,2.502,2.378,2.484,1,1
sals_04,2.453,2.507,2.441,2.036,1.856,2.021,2.227,2.073,3.023,2.753,2.288,1.542,2.423,2.497,2.08,2.097,2.4,3.236,2.352,1.679,2.695,2.001,1.859,2.376,2.309,2.249,1.977,1.906,2.502,2.297,2.238,1.725,1.892,2.492,3.167,2.049,2.42,2.405,1.819,1.984,2.306,1.633,2.795,1.538,1.661,2.083,2.686,2.409,2.389,2.296,1.947,1.914,1.829,2.06,2.114,1.967,2.446,2.086,1.693,1.881,2.17,2.243,1.971,2.245,1.993,2.211,2.028,2.049,1.87,2.348,2.259,1.958,2.178,1.702,1,1
sals_05,2.674,2.495,2.818,2.212,2.473,2.214,2.575,2.335,3.314,3.028,2.363,1.815,2.787,2.949,2.43,2.379,2.568,3.585,2.977,1.953,3.066,2.543,2.218,2.673,2.475,2.466,2.133,1.797,2.388,2.52,2.793,3.381,2.204,3.049,3.443,2.357,2.883,2.927,2.02,2.255,2.257,1.955,3.121,1.889,1.697,2.397,2.87,2.628,2.478,2.947,1.916,2.108,2.03,2.204,2.212,2.162,2.837,2.416,1.896,2.024,2.42,2.543,1.935,2.796,2.351,1.7,1.932,2.373,2.035,2.403,2.379,2.587,2.371,1.828,1,1
sals_06,2.778,2.535,2.559,2.147,2.11,1.987,2.4,2.338,3.382,2.823,2.247,1.757,2.53,2.679,2.494,2.405,2.727,3.891,2.907,2.058,3.22,2.463,2.23,2.607,2.469,2.591,2.077,2.142,2.511,2.314,2.287,3.31,2.821,2.952,3.588,2.37,2.693,2.906,2.261,2.099,2.361,2.02,3.292,1.76,1.714,1.993,2.8,2.949,2.688,2.604,2.16,2.337,2.233,2.365,2.362,1.831,2.662,2.386,1.814,1.928,2.074,2.758,2.163,2.448,2.182,1.832,2.162,2.529,2.326,2.555,2.274,2.448,2.353,2.512,1,1
sals_07,2.706,2.388,2.473,2.143,2.374,2.184,2.316,2.544,3.083,2.972,2.557,1.752,2.692,2.782,2.533,2.377,2.67,3.426,2.943,1.956,2.979,2.521,1.879,2.767,2.585,2.546,2.099,2.055,2.69,2.397,2.308,2.495,2.487,3.021,3.396,2.764,2.919,3.084,2.115,2.567,2.282,1.881,3.475,1.804,1.863,2.199,2.773,2.59,2.509,2.571,2.19,2.179,2.087,2.27,2.073,1.893,2.583,2.257,1.771,1.932,2.05,2.805,2.265,2.606,2.087,1.414,2.005,2.373,2.092,2.322,2.346,2.51,2.433,2.401,1,1
sals_08,2.758,2.519,2.597,2.382,2.42,2.478,2.891,2.912,3.842,3.072,2.426,1.792,2.988,3.028,2.824,2.656,2.845,3.851,3.015,1.893,3.324,2.725,1.994,3.043,2.649,2.835,2.15,2.268,3.017,2.582,2.546,2.374,2.534,3.278,3.73,2.645,3.02,3.058,2.307,2.384,2.26,2.073,3.78,2.02,2.059,2.3,3.278,3.055,2.669,2.847,2.066,2.276,1.962,2.33,2.877,1.893,2.833,2.42,1.905,2.064,2.467,2.804,1.922,2.528,2.195,1.91,2.13,2.513,2.405,2.354,2.561,2.623,2.516,2.49,1,1
sals_09,2.193,2.294,2.241,1.768,2.443,2.132,2.332,2.121,2.772,2.672,2.563,1.808,2.259,2.428,2.271,2.16,2.167,3.47,2.673,2.077,3.086,2.411,2.051,2.352,2.2,2.448,2.042,2.026,2.235,2.129,2.16,2.054,2.433,2.664,2.833,2.267,2.747,2.641,1.811,1.76,2.201,1.95,2.798,1.809,1.547,1.943,2.253,2.24,2.225,2.468,1.996,1.784,1.774,1.881,2.307,1.847,2.349,2.421,1.846,1.976,2.438,2.18,1.687,1.957,2.064,2.373,1.908,1.927,1.803,1.899,2.026,2.54,2.231,2.334,1,1
sals_10,2.304,2.092,2.397,1.946,2.255,2.385,2.291,2.008,2.842,2.593,2.914,1.937,2.28,2.383,2.214,2.174,2.48,3.284,2.732,1.956,3.165,2.541,2.13,2.41,2.393,2.276,2.25,2.141,2.532,2.357,2.29,2.425,1.949,2.784,2.9,2.257,2.605,2.7,2.203,2.015,2.179,1.877,3.3,1.817,1.813,1.907,2.549,2.592,2.232,2.71,1.969,1.844,1.795,2.108,1.826,1.995,2.386,2.016,1.999,2.019,2.19,2.425,1.728,2.403,1.979,1.683,1.998,1.998,2.127,1.825,2.029,2.179,2.187,2.199,1,1
sals_11,2.703,2.306,2.361,2.401,2.202,2.199,2.356,2.383,2.916,2.646,2.6,1.713,2.55,2.866,2.467,2.379,2.596,3.295,2.653,1.919,2.819,2.324,2.037,2.656,2.477,2.549,2.11,2.079,2.541,2.435,2.415,2.399,2.612,2.805,3.075,2.14,2.799,2.838,2.007,2.194,2.075,1.778,3.091,1.657,1.798,2.158,2.416,2.541,2.415,2.438,1.926,2.042,1.996,2.108,1.994,1.998,2.31,2.023,1.802,1.971,2.185,2.553,1.866,2.234,2.025,2.548,2.0,2.333,2.199,2.143,2.257,2.437,2.308,1.872,1,1
sals_12,2.568,2.159,2.166,1.927,2.135,1.726,2.184,2.324,2.756,2.48,2.441,1.788,2.373,2.183,2.069,2.206,2.329,3.704,2.794,2.018,3.31,2.204,1.95,2.471,2.23,2.377,1.997,1.827,1.937,2.232,2.238,1.885,2.187,2.56,3.285,2.123,2.639,2.514,1.867,1.673,2.063,1.746,3.147,1.791,1.46,1.9,2.866,2.089,2.296,2.347,1.651,1.896,1.804,1.97,2.19,1.818,2.136,2.119,1.664,1.762,1.982,2.312,1.691,2.234,2.042,1.804,1.807,1.918,1.761,2.931,2.327,2.141,2.125,1.729,1,1
sals_13,2.556,2.113,2.26,2.067,2.398,2.455,2.644,2.462,2.908,2.809,2.554,1.947,2.745,2.781,2.534,2.384,2.76,3.476,2.939,1.836,3.06,2.656,2.333,2.613,2.532,2.526,2.278,1.835,3.027,2.695,2.379,2.102,2.423,3.088,3.193,2.43,2.746,2.979,2.374,2.201,2.164,1.952,3.398,1.588,1.865,2.085,2.781,2.529,2.404,2.75,1.775,2.066,1.906,2.24,2.36,2.098,2.576,2.177,1.964,2.127,2.277,2.387,2.277,2.097,2.19,2.345,2.125,2.38,2.313,2.616,2.416,2.372,2.389,2.895,1,1
sals_14,2.331,2.151,2.398,2.035,2.278,2.377,2.647,2.269,2.808,2.913,2.726,1.889,2.464,2.586,2.242,2.298,2.511,3.041,3.056,1.98,3.263,2.427,1.871,2.5,2.468,2.501,2.203,1.883,2.602,2.427,2.252,2.506,1.678,2.484,2.688,2.146,2.766,2.748,2.579,2.527,2.322,1.836,3.11,1.765,1.759,2.255,2.907,2.607,2.465,2.739,1.899,2.069,2.023,2.19,2.158,2.076,2.704,2.362,1.898,1.981,2.242,2.604,1.988,2.311,1.924,1.941,1.893,2.218,2.347,1.782,2.45,2.324,2.319,1.801,1,1
sals_15,2.667,2.432,2.365,2.562,2.22,2.066,2.393,2.563,2.94,2.894,2.037,1.71,2.6,2.641,2.445,2.325,2.333,3.904,2.984,2.198,3.565,2.223,1.859,2.606,2.213,2.46,2.224,2.047,2.175,2.508,2.86,2.582,2.623,2.736,3.234,2.219,2.822,2.738,1.902,2.018,2.163,1.872,3.133,1.781,1.768,1.884,2.922,3.048,2.504,2.543,2.002,2.192,1.968,2.123,2.18,1.852,2.553,2.542,1.752,1.834,2.325,2.452,2.095,2.132,2.07,1.709,1.927,2.274,1.998,2.942,2.119,2.12,2.224,2.039,1,1
sals_16,2.574,2.607,2.459,2.283,2.097,2.032,2.283,2.488,3.214,3.237,2.762,1.723,2.601,2.642,2.549,2.302,2.652,3.351,2.629,1.888,3.154,2.372,1.917,2.738,2.537,2.518,2.152,1.942,2.568,2.353,2.424,2.148,2.479,2.988,3.469,2.48,2.765,2.851,2.235,2.318,2.353,1.755,3.468,1.775,1.796,2.18,2.861,2.917,2.546,2.953,1.82,2.107,1.993,2.141,2.477,2.004,2.487,2.26,1.722,1.945,2.175,2.663,2.137,2.47,2.084,2.167,1.937,2.307,2.184,2.273,2.312,2.434,2.359,2.824,1,1
sals_17,2.41,2.435,2.481,2.014,2.339,2.082,2.405,2.241,3.095,2.842,2.241,1.715,2.421,2.539,2.258,2.229,2.644,3.155,2.806,2.051,3.332,2.452,2.209,2.391,2.511,2.417,2.306,1.956,2.534,2.571,2.258,2.849,2.215,2.647,3.218,2.396,2.546,2.725,2.141,2.158,2.224,2.069,3.13,1.807,1.761,2.091,2.646,2.644,2.439,2.517,1.947,1.914,1.761,2.098,2.4,2.079,2.371,2.241,1.897,1.957,2.007,2.225,1.703,2.567,2.288,1.813,1.976,2.235,2.234,2.319,2.484,2.31,2.257,1.931,1,1
sals_18,2.437,2.367,2.364,1.962,2.049,1.924,2.501,2.158,2.969,2.89,2.925,1.68,2.418,2.625,2.268,2.198,2.508,3.509,2.649,2.066,3.318,2.152,1.951,2.616,2.245,2.203,2.013,1.942,2.411,2.033,2.235,2.233,2.123,2.836,3.066,2.364,2.56,2.682,2.078,1.942,2.158,1.746,3.357,1.8,1.653,1.976,2.907,2.551,2.377,2.679,1.929,1.891,1.826,1.95,1.985,1.843,2.101,2.096,1.762,1.849,1.766,2.624,1.986,2.513,1.843,2.159,1.74,2.131,1.919,2.242,2.115,2.252,2.108,2.238,1,1
sals_19,2.556,2.239,2.376,2.218,2.377,2.145,2.713,2.569,3.185,2.788,2.813,1.687,2.865,2.67,2.611,2.529,2.657,3.682,2.844,1.916,2.817,2.44,2.122,2.672,2.346,2.499,2.305,2.159,2.579,2.409,2.333,2.125,2.401,3.072,3.552,2.348,2.709,2.972,2.247,2.529,2.198,1.981,3.408,1.791,1.705,1.991,2.903,2.612,2.484,2.347,1.86,2.166,2.028,2.202,1.846,1.881,2.554,2.292,1.8,2.065,2.24,2.852,1.835,2.334,2.022,2.116,2.074,2.319,2.46,2.639,2.126,2.673,2.309,2.502,1,1
sals_20,2.433,2.606,2.461,2.264,2.385,1.736,2.388,2.381,3.112,2.823,2.373,1.678,2.702,2.849,2.449,2.433,2.521,3.198,2.61,2.026,2.779,2.207,1.799,2.648,2.159,2.297,2.17,1.98,2.571,2.437,2.439,2.428,2.101,3.009,3.489,2.235,2.826,2.773,2.542,2.15,2.075,1.737,3.404,1.88,1.706,2.228,2.797,2.676,2.486,2.825,2.018,2.137,2.049,2.352,1.885,2.1,2.365,2.352,1.76,1.838,2.075,2.578,2.019,2.257,1.976,1.99,2.086,2.351,2.452,2.193,2.568,2.226,2.264,1.84,1,1
sals_21,2.456,2.448,2.566,2.109,1.913,1.977,2.285,2.2,2.966,2.646,2.543,1.741,2.678,2.847,2.504,2.341,2.493,3.478,2.55,1.792,2.69,2.008,1.903,2.545,2.163,2.39,1.968,1.805,2.392,2.315,2.0,1.316,2.338,2.654,3.062,2.623,2.678,2.721,2.903,2.141,2.156,1.864,3.11,1.752,1.678,2.067,3.072,2.323,2.509,2.541,2.067,2.12,1.956,2.091,2.517,1.859,2.222,2.044,1.923,1.728,1.795,2.528,1.82,2.082,2.004,1.965,1.811,2.225,2.359,2.376,2.446,2.26,2.181,2.474,1,1
sals_22,2.669,2.546,2.594,2.44,2.567,2.098,2.607,2.459,2.793,3.224,3.177,1.721,2.964,2.862,2.551,2.341,2.666,3.355,3.11,2.059,3.284,2.49,1.96,2.886,2.493,2.566,2.137,1.923,2.643,2.601,2.504,2.543,2.439,3.091,3.254,2.218,2.797,2.869,2.41,2.471,2.391,2.006,3.489,1.576,1.73,2.202,2.846,2.767,2.62,2.804,2.366,2.089,1.985,2.114,2.873,2.05,2.392,2.57,1.985,2.016,2.458,2.597,2.126,2.37,2.061,1.868,1.947,2.343,2.149,2.403,2.282,2.345,2.379,2.44,1,1
sals_23,2.473,2.629,2.39,2.082,2.502,2.333,2.431,2.369,2.951,2.827,2.97,1.796,2.532,2.781,2.293,2.307,2.779,3.043,2.88,1.939,2.961,2.5,2.391,2.703,2.489,2.494,2.394,1.957,2.927,2.518,2.491,2.252,2.044,2.844,2.878,2.241,2.824,2.889,2.537,1.791,2.093,1.878,3.087,1.774,1.812,2.246,2.72,2.471,2.356,2.574,1.931,2.011,1.985,2.24,1.924,2.094,2.443,2.428,2.128,1.923,2.152,2.463,1.932,2.552,2.206,1.954,2.106,2.401,2.484,2.202,2.443,2.313,2.344,2.045,1,1
sals_24,2.452,2.383,2.402,2.167,2.491,2.19,2.446,2.197,2.904,3.015,2.988,1.664,2.456,2.613,2.469,2.33,2.491,3.357,2.803,1.872,3.193,2.317,1.861,2.536,2.518,2.566,2.073,1.83,2.513,2.361,2.445,2.836,2.446,2.71,3.249,2.279,2.583,2.871,2.317,2.345,2.359,1.711,3.211,1.673,1.742,2.05,2.769,2.476,2.402,2.534,1.767,2.098,1.866,2.149,2.092,1.904,2.416,2.356,1.882,1.789,2.13,2.496,1.981,2.289,2.125,1.79,1.919,2.234,2.056,2.239,2.331,2.482,2.354,2.286,1,1
sals_25,2.709,2.597,2.636,2.507,2.265,2.196,2.559,2.471,3.056,2.944,2.536,1.655,2.736,2.622,2.345,2.443,2.645,3.277,2.803,2.029,3.29,2.262,1.77,2.659,2.363,2.592,2.062,2.125,2.867,2.432,2.703,2.9,2.521,2.913,3.276,2.581,2.799,2.768,2.276,2.211,2.399,1.825,3.24,1.77,1.779,2.316,2.875,2.831,2.584,2.694,2.215,2.24,2.181,2.33,2.757,2.095,2.376,2.473,1.799,1.785,2.095,2.687,1.671,2.598,2.178,1.827,1.98,2.409,2.321,2.678,2.429,2.198,2.405,2.177,1,1
sals_26,2.702,2.52,2.371,2.165,2.095,2.222,2.366,2.474,2.624,2.701,2.741,1.655,2.473,2.218,2.334,2.336,2.658,3.274,2.812,1.823,2.84,2.293,1.922,2.522,2.285,2.425,2.008,1.76,2.514,2.177,2.407,1.995,2.189,2.878,3.544,2.554,2.725,2.766,2.249,2.156,2.122,1.693,3.442,1.703,1.731,1.928,2.65,2.381,2.404,3.117,1.75,1.966,2.121,2.098,2.214,1.934,2.444,2.218,1.804,1.908,1.945,2.531,2.012,2.256,1.984,2.203,1.773,2.159,2.217,2.241,1.941,2.398,2.286,2.256,1,1
sals_27,2.694,2.708,2.554,2.353,2.549,2.493,2.868,2.86,3.188,3.077,2.676,1.798,2.951,2.965,2.664,2.436,2.822,3.684,3.102,2.187,3.115,2.7,2.396,2.673,2.506,2.57,2.256,2.227,3.022,2.586,2.507,2.737,2.751,3.065,3.412,2.571,2.993,3.083,2.727,2.171,2.403,2.208,3.627,1.846,1.912,2.25,2.884,2.685,2.612,3.166,2.348,2.469,2.235,2.353,2.406,2.158,2.677,2.523,2.019,2.201,2.414,2.67,2.457,2.484,2.265,1.801,2.139,2.422,2.4,2.768,2.476,2.589,2.479,2.63,1,1
sals_28,2.572,2.562,2.631,2.142,2.151,1.884,2.407,2.376,3.143,2.856,2.746,1.893,2.575,2.472,2.641,2.324,2.581,3.603,2.893,2.047,3.097,2.417,2.064,2.538,2.397,2.468,2.196,1.969,2.642,2.569,2.381,1.901,2.537,2.954,3.086,2.62,2.614,2.69,2.016,2.383,2.348,1.847,3.082,1.831,1.829,2.33,2.593,2.626,2.513,2.469,2.016,2.045,1.933,2.257,2.851,1.999,2.351,2.464,1.718,2.024,2.262,2.503,2.176,2.509,2.229,2.439,1.972,2.181,2.317,2.129,2.534,2.267,2.398,2.44,1,1
sals_29,2.532,2.611,2.715,1.999,2.094,2.347,2.637,2.312,3.321,2.845,2.703,1.948,2.736,2.666,2.477,2.294,2.623,3.628,2.846,2.014,3.423,2.416,2.067,2.861,2.309,2.543,2.281,2.156,2.516,2.677,2.417,2.639,2.243,3.144,3.494,2.309,2.747,2.702,2.152,2.247,2.389,1.904,3.241,1.928,1.814,2.3,2.833,2.856,2.521,2.708,2.057,2.035,1.958,2.084,1.734,2.036,2.468,2.325,1.779,1.959,1.948,2.607,1.796,2.485,2.02,2.268,2.052,2.309,2.25,2.464,2.339,2.294,2.327,2.564,1,1
sals_30,2.591,2.484,2.421,2.003,1.976,1.968,2.379,2.317,3.215,2.803,2.638,1.7,2.595,2.759,2.209,2.191,2.598,3.36,2.948,1.874,3.09,2.061,1.893,2.48,2.242,2.213,1.904,1.81,2.338,2.167,2.491,2.577,2.207,2.941,3.64,2.297,2.649,2.601,2.14,2.09,2.108,1.713,3.08,1.767,1.622,2.017,2.657,2.549,2.426,2.323,1.638,2.021,1.835,2.163,2.002,1.797,2.035,2.231,1.409,1.822,1.873,2.526,1.774,2.433,1.936,1.648,1.755,2.232,1.934,2.297,2.308,2.047,2.211,1.879,1,1
vap_01,2.584,2.472,2.436,2.287,2.189,2.182,2.435,2.401,3.0,2.738,2.653,1.745,2.806,2.558,2.336,2.289,2.58,3.536,2.627,2.02,3.401,2.317,1.902,2.649,2.286,2.374,1.958,1.909,2.546,2.333,2.348,2.311,2.549,2.91,3.577,2.374,2.84,2.709,1.896,2.355,2.195,1.894,3.195,1.836,1.747,2.095,3.016,2.892,2.615,2.572,1.824,2.097,2.036,2.207,1.994,1.92,2.332,2.473,1.769,1.831,1.952,2.601,1.799,2.385,2.054,1.731,1.866,2.277,2.209,2.146,2.18,2.336,2.401,2.269,1,3
vap_02,2.493,2.415,2.378,2.189,2.148,2.144,2.386,2.339,2.876,2.533,2.511,1.622,2.524,2.525,2.32,2.243,2.499,3.354,2.772,2.004,2.7,2.208,1.795,2.619,2.165,2.274,1.956,1.922,2.586,2.145,2.525,2.102,2.439,2.759,3.258,2.286,2.756,2.5,1.904,2.008,2.161,1.963,3.011,1.791,1.803,1.919,2.703,2.565,2.421,2.786,2.082,2.011,1.937,2.065,1.939,1.798,2.224,2.24,1.771,1.936,1.966,2.641,1.923,2.625,1.932,2.142,1.842,2.108,1.995,2.468,2.053,2.218,2.186,2.163,1,3
vap_03,2.668,2.526,2.48,2.297,2.089,2.288,2.407,2.368,3.413,2.809,2.748,2.067,2.85,2.816,2.591,2.483,2.681,3.193,2.656,2.174,2.823,2.58,2.308,2.702,2.444,2.643,2.626,2.111,2.802,2.857,2.269,2.015,2.449,3.0,3.017,2.534,2.68,2.878,2.14,2.085,2.225,1.882,3.402,1.98,1.978,2.537,2.925,2.761,2.508,2.757,2.034,2.166,1.976,2.305,2.259,2.279,2.317,2.183,1.876,1.987,2.06,2.685,2.281,2.466,2.101,1.878,2.19,2.334,2.519,2.182,2.332,2.551,2.389,2.254,1,3
vap_04,2.444,2.663,2.416,2.157,2.297,1.973,2.56,2.277,3.247,2.919,2.529,1.697,2.724,2.732,2.609,2.334,2.602,3.566,3.035,1.934,3.062,2.324,1.947,2.673,2.371,2.436,2.156,1.873,2.662,2.248,2.322,2.636,2.349,2.687,3.149,2.477,2.64,2.871,2.188,2.435,2.378,1.699,3.45,1.785,1.83,2.171,2.89,2.82,2.652,2.525,1.757,2.182,1.967,2.129,2.337,1.872,2.439,2.406,1.799,1.798,2.056,2.445,2.139,2.277,2.029,2.8,1.908,2.368,2.333,2.028,2.116,2.352,2.351,2.107,1,3
vap_05,2.541,2.4,2.321,2.098,2.496,2.329,2.501,2.275,2.958,2.936,2.653,1.668,2.605,2.654,2.468,2.413,2.513,3.362,2.779,1.889,3.315,2.602,2.162,2.709,2.366,2.471,2.343,1.878,2.66,2.45,2.571,2.224,1.934,2.877,3.369,2.505,2.81,2.67,2.251,2.143,2.185,1.972,3.298,1.796,1.904,2.168,2.503,2.671,2.489,2.476,1.858,2.078,2.05,2.032,2.809,2.115,2.415,2.381,1.891,2.079,2.226,2.5,2.013,2.453,2.252,1.804,2.005,2.185,1.997,2.257,2.528,2.409,2.4,2.4,1,3
vap_06,2.433,2.31,2.364,2.133,2.178,2.182,2.659,2.341,2.601,2.823,2.652,1.744,2.506,2.638,2.533,2.18,2.445,3.051,2.736,1.786,2.998,2.328,2.011,2.504,2.389,2.395,2.112,2.214,2.546,2.372,2.32,1.859,2.112,2.826,3.283,2.493,2.77,2.687,2.273,2.059,2.148,1.93,2.988,1.867,1.741,1.989,2.585,2.33,2.227,2.439,2.009,2.045,2.064,2.062,2.261,2.058,2.286,2.349,1.735,1.975,2.127,2.416,1.964,2.39,1.968,1.961,1.938,2.201,2.071,2.121,2.466,2.376,2.295,2.079,1,3
vap_07,2.506,2.453,2.437,2.165,2.289,2.362,2.409,2.335,3.18,2.923,3.247,1.862,2.684,2.644,2.443,2.376,2.8,3.3,3.058,2.336,2.851,2.449,1.93,2.464,2.652,2.465,2.194,2.1,2.776,2.551,2.21,2.495,2.48,3.165,3.424,2.344,2.907,3.091,1.732,2.161,2.443,1.887,3.348,1.985,2.04,2.274,2.613,2.527,2.454,2.903,1.908,2.04,1.866,2.216,2.042,2.026,2.591,2.234,1.794,2.068,2.035,2.505,2.105,2.212,2.264,1.885,2.035,2.378,2.195,2.185,2.423,2.052,2.288,2.313,1,3
vap_08,2.613,2.503,2.74,2.309,2.259,2.343,2.73,2.476,3.269,3.081,3.078,1.847,2.742,2.76,2.589,2.497,2.703,3.728,3.003,2.098,3.229,2.408,2.009,2.575,2.406,2.645,2.272,2.095,2.772,2.517,2.447,2.799,2.513,3.112,3.524,2.461,2.888,2.782,2.16,2.134,2.43,1.985,3.306,1.882,1.867,2.27,2.837,2.892,2.629,2.677,1.843,2.126,1.93,2.27,2.639,2.058,2.438,2.514,1.921,2.023,2.047,2.792,2.165,2.256,2.253,1.871,2.006,2.197,2.231,2.127,2.356,2.422,2.43,2.21,1,3
vap_09,2.431,2.374,2.304,2.173,2.216,2.046,2.54,2.28,3.218,3.015,2.672,1.716,2.577,2.516,2.447,2.495,2.564,3.505,2.695,1.905,3.333,2.362,1.991,2.641,2.504,2.526,1.901,2.012,2.511,2.392,2.236,2.734,2.463,2.94,3.661,2.313,2.543,2.842,2.404,2.599,2.358,1.785,3.288,1.742,1.642,2.092,2.835,2.853,2.741,2.925,2.033,2.172,2.208,2.267,2.199,1.964,2.553,2.442,1.887,1.976,2.198,2.616,2.431,2.092,2.124,2.001,2.106,2.259,2.216,2.046,2.31,2.325,2.302,2.341,1,3
vap_10,2.61,2.312,2.311,2.267,2.334,1.998,2.444,2.376,3.0,2.835,2.47,1.931,2.547,2.806,2.418,2.289,2.519,3.424,2.667,2.087,3.211,2.456,2.022,2.649,2.361,2.471,2.097,2.014,2.428,2.402,2.638,2.627,2.369,2.786,3.211,2.335,2.823,2.795,2.174,2.771,2.233,2.052,3.475,1.864,1.571,2.135,3.225,2.632,2.484,2.8,1.871,1.957,2.06,2.217,2.24,1.922,2.554,2.533,1.93,2.012,2.218,2.568,1.909,2.429,1.999,1.877,1.949,2.111,2.163,3.03,2.476,2.322,2.265,2.101,1,3
vap_11,2.556,2.413,2.419,2.077,2.197,2.192,2.453,2.201,3.039,2.842,3.092,1.773,2.624,2.719,2.369,2.305,2.425,3.504,2.805,1.941,3.353,2.364,1.97,2.604,2.243,2.515,1.886,2.031,2.628,2.303,2.428,2.24,1.831,2.814,3.03,2.43,2.824,2.868,2.136,2.063,2.153,1.753,3.072,1.797,1.87,1.944,2.672,2.506,2.333,2.639,1.748,1.963,1.857,2.151,2.278,1.741,2.678,2.328,2.016,1.889,2.282,2.495,1.892,2.241,1.889,1.823,1.903,2.217,2.177,2.447,2.136,2.379,2.276,1.877,1,3
vap_13,2.857,2.411,2.515,2.331,2.347,2.46,2.635,2.528,3.067,3.225,2.543,1.762,2.83,2.864,2.732,2.425,2.796,3.491,3.069,1.981,3.307,2.46,2.255,2.753,2.56,2.645,2.345,2.099,2.797,2.607,2.63,2.707,2.48,3.052,3.605,2.788,2.955,2.838,2.372,2.618,2.53,1.909,3.532,1.796,2.032,2.102,3.058,2.891,2.655,2.541,2.337,2.23,1.914,2.254,2.318,2.139,2.78,2.457,1.964,2.059,2.394,2.812,2.227,2.447,2.22,2.517,2.208,2.31,2.404,2.366,2.477,2.575,2.441,2.195,1,3
vap_14,2.474,2.347,2.418,2.149,2.306,2.291,2.477,2.2,2.783,2.94,3.186,1.786,2.532,2.646,2.373,2.41,2.609,3.449,2.966,1.865,3.168,2.453,2.021,2.489,2.486,2.575,2.138,2.162,2.821,2.279,2.354,1.957,2.5,2.789,3.24,2.326,2.788,2.787,2.201,2.276,2.4,1.948,3.191,1.8,1.829,2.043,2.735,2.836,2.573,2.464,2.159,2.056,2.0,2.274,1.917,1.959,2.49,2.307,1.727,1.923,2.308,2.503,2.016,2.318,2.061,2.01,2.074,2.253,2.237,2.168,2.188,2.323,2.307,2.25,1,3
vap_15,2.595,2.469,2.434,2.301,2.372,2.387,2.462,2.489,3.184,2.979,2.527,1.767,2.745,2.688,2.429,2.497,2.822,3.838,2.751,1.787,3.304,2.572,2.031,2.702,2.44,2.639,2.248,2.043,2.92,2.523,2.378,2.149,2.655,2.98,3.567,2.684,2.835,3.01,1.969,2.168,2.368,1.888,3.403,1.755,1.824,2.21,3.25,2.485,2.429,2.358,1.978,2.066,1.881,2.212,2.026,2.063,2.182,2.416,1.987,2.156,2.226,2.623,2.105,2.394,2.204,1.967,2.049,2.305,2.39,2.355,2.468,2.477,2.371,2.337,1,3
vap_16,2.458,2.606,2.53,2.171,2.449,2.125,2.594,2.501,3.146,3.002,2.563,1.844,2.612,2.856,2.38,2.426,2.689,3.222,2.94,2.05,3.538,2.652,2.435,2.605,2.57,2.524,2.214,2.182,2.7,2.365,2.424,2.587,2.726,3.048,3.706,2.652,2.906,2.868,2.467,2.205,2.324,2.297,3.449,1.908,1.807,2.232,2.558,2.427,2.46,2.425,2.028,2.17,1.985,2.304,2.198,1.999,2.518,2.473,2.373,2.026,2.243,2.594,1.837,2.274,2.243,2.083,2.042,2.278,2.139,2.208,2.432,2.336,2.269,2.784,1,3
vap_17,2.571,2.502,2.554,2.136,2.478,2.179,2.524,2.398,2.922,2.808,2.717,1.719,2.583,2.513,2.281,2.127,2.575,3.394,2.937,1.948,3.48,2.225,2.095,2.519,2.472,2.537,1.996,2.054,2.564,2.267,2.361,2.482,2.685,3.057,3.479,2.053,2.652,2.706,1.975,2.611,2.342,1.847,3.415,1.826,1.908,2.074,2.734,2.625,2.455,2.506,1.996,1.982,1.934,2.028,2.175,1.984,2.423,2.284,1.849,1.939,2.111,2.812,1.898,2.315,1.996,1.803,1.967,2.071,2.043,2.541,2.154,2.191,2.242,2.765,1,3
vap_18,2.41,2.595,2.722,1.977,2.172,2.244,2.858,2.267,2.945,3.241,2.814,1.793,2.835,3.102,2.371,2.386,2.534,3.488,2.806,2.026,3.27,2.371,2.115,2.354,2.374,2.293,2.182,2.069,2.495,2.535,2.536,1.571,2.341,2.765,2.7,2.509,2.826,2.794,2.427,2.439,2.757,2.023,2.46,1.906,1.915,2.173,3.264,2.916,2.886,2.536,2.442,1.955,1.886,2.123,3.032,2.019,2.363,2.463,1.782,1.985,2.171,1.612,2.071,3.284,2.323,1.86,1.93,2.337,2.236,2.668,2.42,2.569,2.383,2.403,1,3
vap_19,2.784,2.42,2.466,2.479,2.178,2.047,2.431,2.598,3.048,2.927,2.604,1.746,2.723,2.806,2.654,2.324,2.552,3.113,2.826,1.76,3.086,2.477,1.958,2.709,2.559,2.556,2.06,1.89,2.764,2.317,2.508,2.303,2.386,2.977,3.222,2.492,2.88,2.95,2.195,2.332,2.161,1.865,3.446,1.688,1.833,2.021,2.787,2.657,2.429,2.853,2.219,2.162,2.0,2.174,2.299,2.009,2.35,2.289,1.999,1.982,2.258,2.712,2.584,2.233,2.101,2.057,1.864,2.416,2.154,2.535,2.193,2.48,2.304,2.155,1,3
vap_20,2.44,2.317,2.221,1.822,2.228,2.298,2.582,2.158,2.954,2.537,2.495,1.754,2.486,2.655,2.4,2.224,2.493,3.102,2.664,1.823,2.93,2.417,2.192,2.472,2.403,2.344,2.22,2.13,2.762,2.326,2.221,2.473,2.495,2.885,3.165,2.481,2.698,2.65,1.725,2.167,2.253,2.046,3.261,1.645,1.831,1.954,2.627,2.444,2.285,2.515,1.846,2.084,1.816,2.087,2.144,1.883,2.348,2.223,1.98,1.998,2.243,2.251,1.811,2.263,2.101,1.79,1.843,2.203,2.125,2.168,2.327,2.336,2.301,2.436,1,3
vap_21,2.482,2.649,2.479,2.073,2.62,2.268,2.469,2.123,2.856,3.002,2.636,1.963,2.465,2.808,2.413,2.27,2.567,3.331,2.682,2.004,3.345,2.5,2.142,2.567,2.278,2.499,2.144,1.934,2.504,2.564,2.275,2.813,1.966,2.861,3.332,2.382,2.666,2.853,2.497,2.513,2.101,2.1,3.338,1.696,1.759,2.05,2.786,2.583,2.308,2.692,2.064,1.985,1.948,2.229,2.276,2.016,2.532,2.437,1.999,2.038,2.327,2.535,2.26,2.355,2.137,2.309,1.986,2.158,2.058,2.319,2.51,2.515,2.341,1.941,1,3
vap_22,2.893,2.588,2.394,2.011,2.401,2.138,2.606,2.406,3.096,3.002,2.827,1.825,2.814,2.52,2.721,2.595,2.69,3.496,2.835,2.011,3.102,2.452,2.214,2.515,2.441,2.746,2.203,1.95,2.797,2.276,2.359,2.203,2.482,3.026,3.619,2.291,2.642,3.156,2.26,2.622,2.387,1.905,3.439,1.81,1.898,2.073,2.798,2.776,2.524,2.897,2.084,2.049,1.966,2.345,2.953,1.96,2.329,2.542,2.056,2.083,2.15,2.619,2.27,2.379,2.131,1.895,2.029,2.441,2.442,2.672,2.303,2.512,2.442,2.56,1,3
vap_23,2.688,2.503,2.468,2.155,2.415,2.222,2.461,2.548,2.894,2.671,2.312,1.823,2.555,2.592,2.538,2.456,2.65,3.641,2.729,1.856,3.073,2.498,2.145,2.456,2.512,2.548,2.13,2.067,2.536,2.331,2.371,2.565,2.395,3.118,3.382,2.463,2.78,2.951,2.264,2.198,2.226,2.009,3.329,1.77,1.842,2.152,2.774,2.531,2.428,2.637,1.752,2.331,2.03,2.313,1.988,1.938,2.344,2.388,1.924,1.9,2.196,2.745,2.022,2.201,2.076,1.928,2.045,2.263,1.974,2.259,2.118,2.53,2.319,2.603,1,3
vap_24,2.397,2.476,2.332,2.084,2.24,2.122,2.503,2.507,2.75,2.623,2.747,1.723,2.602,2.883,2.303,2.256,2.673,3.073,2.937,2.001,2.78,2.545,2.215,2.502,2.479,2.628,2.323,2.081,2.746,2.525,2.298,2.393,2.402,2.911,3.018,2.451,2.786,2.935,2.725,2.282,2.311,1.932,3.514,1.906,1.802,2.02,2.703,2.472,2.318,2.492,2.21,2.022,1.746,2.082,2.313,2.116,2.612,2.241,1.948,2.071,2.072,2.46,1.987,2.294,2.182,1.802,2.018,2.257,2.279,2.163,2.387,2.405,2.408,2.32,1,3
vap_25,2.495,2.658,2.483,2.405,2.191,2.275,2.461,2.373,2.982,2.98,2.768,1.954,2.755,2.95,2.526,2.422,2.657,3.047,2.844,1.855,3.445,2.427,2.429,2.764,2.649,2.558,2.141,2.027,2.84,2.419,2.425,2.741,2.17,2.937,3.203,2.288,2.9,2.727,2.382,2.269,2.277,1.902,3.319,1.817,1.948,2.192,2.827,2.853,2.488,2.5,1.85,2.245,2.066,2.298,2.754,2.06,2.307,2.443,1.932,2.116,2.271,2.413,1.821,2.451,2.094,1.883,1.855,2.47,2.107,2.083,2.338,2.382,2.355,2.339,1,3
vap_26,2.519,2.425,2.301,2.208,2.511,2.174,2.59,2.309,2.898,2.88,2.83,1.874,2.58,2.841,2.355,2.227,2.539,3.49,2.949,1.905,3.438,2.494,2.116,2.601,2.454,2.568,2.064,2.024,2.606,2.513,2.344,2.927,1.744,3.009,3.354,2.37,2.701,2.874,1.993,2.127,2.408,1.913,3.263,1.767,1.853,2.026,2.579,2.574,2.42,2.451,1.991,2.049,1.935,2.195,2.409,1.971,2.528,2.488,1.89,2.086,2.234,2.584,1.975,2.272,2.118,1.979,1.976,2.301,2.042,2.272,2.262,2.535,2.36,1.65,1,3
vap_27,2.445,2.432,2.403,2.055,2.394,2.345,2.448,2.383,3.276,3.0,2.763,1.856,2.471,2.338,2.373,2.252,2.523,3.484,2.903,2.014,3.373,2.267,2.01,2.492,2.461,2.564,2.196,2.245,2.689,2.395,2.451,3.185,2.56,2.913,3.305,2.618,2.779,2.875,2.287,2.014,2.398,1.787,3.396,1.705,1.864,2.079,3.067,2.794,2.401,2.512,2.2,1.856,1.849,2.106,2.256,2.084,2.301,2.473,1.808,1.947,2.109,2.384,1.994,2.315,1.952,2.201,2.093,2.182,1.96,2.156,2.238,2.33,2.379,2.596,1,3
